{
    "accuracy": 0.735,
    "precision": 0.7707006369426752,
    "recall": 0.8768115942028986,
    "roc_auc": 0.648083216456288
}