{
    "accuracy": 0.765,
    "precision": 0.7973856209150327,
    "recall": 0.8840579710144928,
    "roc_auc": 0.6920289855072463
}