{
    "accuracy": 0.745,
    "precision": 0.7735849056603774,
    "recall": 0.8913043478260869,
    "roc_auc": 0.6553295932678822
}